<?xml version="1.0" encoding="UTF-8"?>
<project-private xmlns="http://www.netbeans.org/ns/project-private/1">
    <editor-bookmarks xmlns="http://www.netbeans.org/ns/editor-bookmarks/2" lastBookmarkId="0"/>
    <open-files xmlns="http://www.netbeans.org/ns/projectui-open-files/2">
        <group>
            <file>file:/C:/Users/Usuario/Documents/Materias/Semestre%202024/Primer%20Semestre/Ingenieria%20en%20Software%20I/Proyecto%20de%20la%20Clase/Subproyecto/Ingenieria1202410-DIB-011/src/ingenieria1202410/PanelDeDibujo.java</file>
            <file>file:/C:/Users/Usuario/Documents/Materias/Semestre%202024/Primer%20Semestre/Ingenieria%20en%20Software%20I/Proyecto%20de%20la%20Clase/Subproyecto/Ingenieria1202410-DIB-011/src/ingenieria1202410/VentanaPrincipal.java</file>
        </group>
    </open-files>
</project-private>
